Fantasy Team,Last Name,First Name,Position,NFL Team,2015-2016 Bye Week,Contract Length,2015 Salary,2016 Salary,2017 Salary,2018 Salary,FA Status,Contract Status
ADEL,49ers - Drop Penalty,San Francisco,DST,SF,10,,0.6,,,,UFA,Active
ADEL,Artis-Payne,Cameron,RB,Car,5,4,1,1,1,1,RFA,Rookie
ADEL,Bortles,Blake,QB,Jac,8,3,9,9,9,,RFA,Active
ADEL,Brees,Drew,QB,NO,11,3,36,36,36,,RFA,Active
ADEL,Cameron,Jordan,TE,Mia,5,3,3,3,3,,RFA,Active
ADEL,Cobb,Randall,WR,GB,7,4,61,61,61,61,RFA,Active
ADEL,Cooper,Amari,WR,Oak,6,3,35,35,35,,RFA,Active
ADEL,Davis,Vernon,TE,SF,10,2,5,5,,,UFA,Active
ADEL,Donnell,Larry,TE,NYG,11,2,1,1,,,RFA,Active
ADEL,Evans,Mike,WR,TB,6,4,58,58,58,58,RFA,Active
ADEL,Flacco,Joe,QB,Bal,9,2,6,6,,,RFA,Active
ADEL,Gould,Robbie,K,Chi,7,1,1,,,,UFA,Active
ADEL,Jackson,DeSean,WR,Wsh,8,2,15,15,,,RFA,Active
ADEL,Jones,Marvin,WR,Cin,7,2,1,1,,,RFA,Active
ADEL,Lacy,Eddie,RB,GB,7,4,78,78,78,78,RFA,Active
ADEL,Lee,Marqise,WR,Jac,8,1,1,,,,UFA,Active
ADEL,Lewis,Dion,RB,NE,4,1,4,,,,RFA,Active
ADEL,Marshall,Brandon,WR,NYJ,5,2,16,16,,,RFA,Active
ADEL,Martin,Doug,RB,TB,6,3,8,8,8,,RFA,Active
ADEL,Powell,Bilal,RB,NYJ,5,2,2,2,,,UFA,Active
ADEL,Prater - Drop Penalty,Matt,K,Det,9,,0.4,0.2,,,RFA,Active
ADEL,Raiders,Oakland,DST,Oak,6,,2,,,,RENTAL,Active
ADEL,Randle,Rueben,WR,NYG,11,2,2,2,,,RFA,Active
ADEL,Robinson,Josh,RB,Ind,10,1,1,,,,UFA,Active
ADEL,Seahawks,Seattle,DST,Sea,9,3,10,10,10,,RFA,Active
ADEL,Shorts,Cecil,WR,Hou,9,1,1,,,,UFA,Active
ADEL,Williams,Andre,RB,NYG,11,2,2,2,,,RFA,Active
ADEL,Yeldon,T.J.,RB,Jac,8,3,22,22,22,,RFA,Active
BUST,Abdullah,Ameer,RB,Det,9,4,10,10,10,10,RFA,Active
BUST,Brown,Antonio,WR,Pit,11,4,84,84,84,84,RFA,Active
BUST,Cobb,David,RB,Ten,4,4,1,1,1,1,RFA,IR
BUST,Cooks,Brandin,WR,NO,11,4,48,48,48,48,RFA,Active
BUST,Cousins,Kirk,QB,Wsh,8,1,2,,,,RFA,Active
BUST,Cowboys,Dallas,DST,Dal,6,1,1,,,,UFA,Active
BUST,Dalton,Andy,QB,Cin,7,2,5,5,,,RFA,Active
BUST,Diggs,Stefon,WR,Min,5,4,3,3,3,3,UFA,Active
BUST,Dolphins,Miami,DST,Mia,5,1,1,,,,RFA,Active
BUST,Eifert,Tyler,TE,Cin,7,2,2,2,,,UFA,Active
BUST,Franks,Andrew,K,Mia,5,1,1,,,,RFA,Active
BUST,Green,A.J.,WR,Cin,7,4,69,69,69,69,RFA,Active
BUST,Harvin,Percy,WR,Buf,8,1,1,,,,RFA,Active
BUST,Hoyer,Brian,QB,Hou,9,1,1,,,,RFA,Active
BUST,Ingram,Mark,RB,NO,11,3,41,41,41,,RFA,Active
BUST,Jones,Matt,RB,Wsh,8,4,1,1,1,1,RFA,Rookie
BUST,Lambo,Jared,K,SD,10,1,1,,,,UFA,Active
BUST,Langford,Jeremy,RB,Chi,7,4,1,1,1,1,RFA,Rookie
BUST,McKinnon,Jerick,RB,Min,5,4,1,1,1,1,RFA,Active
BUST,Parker,DeVante,WR,Mia,5,4,5,5,5,5,RFA,Active
BUST,Peterson,Adrian,RB,Min,5,3,66,66,66,,RFA,Active
BUST,Robinson,Khiry,RB,NO,11,2,1,1,,,UFA,Active
BUST,Rudolph,Kyle,TE,Min,5,3,1,1,1,,RFA,Active
BUST,Taliaferro,Lorenzo,RB,Bal,9,3,2,2,2,,RFA,Active
BUST,Tannehill,Ryan,QB,Mia,5,4,46,46,46,46,RFA,Active
BUST,Vereen,Shane,RB,NYG,11,2,3,3,,,RFA,Active
CLAR,Anderson,C.J.,RB,Den,7,3,62,62,62,,RFA,Active
CLAR,Baldwin,Doug,WR,Sea,9,4,1,1,1,1,RFA,Active
CLAR,Beckham,Odell,WR,NYG,11,4,76,76,76,76,RFA,Active
CLAR,Benjamin,Travis,WR,Cle,11,1,3,,,,UFA,Active
CLAR,Bills,Buffalo,DST,Buf,8,1,3,,,,RFA,Active
CLAR,Brown,Josh,K,NYG,11,1,1,,,,UFA,Active
CLAR,Carr,Derek,QB,Oak,6,4,10,10,10,10,RFA,Active
CLAR,Coleman,Brandon,WR,NO,11,4,1,1,1,1,RFA,Active
CLAR,Crowell,Isaiah,RB,Cle,11,2,18,18,,,RFA,Active
CLAR,Edelman,Julian,WR,NE,4,3,30,30,30,,RFA,Active
CLAR,Forsett,Justin,RB,Bal,9,2,43,43,,,RFA,Active
CLAR,Gabbert,Blaine,QB,SF,10,1,3,,,,UFA,Active
CLAR,Gillmore,Crockett,TE,Bal,9,1,3,,,,UFA,Active
CLAR,Graham,Jimmy,TE,Sea,9,3,29,29,29,,RFA,Active
CLAR,Johnson,Andre,WR,Ind,10,1,17,,,,RFA,Active
CLAR,Lynch,Marshawn,RB,Sea,9,2,61,61,,,RFA,Active
CLAR,McCown,Josh,QB,Cle,11,1,1,,,,RFA,Active
CLAR,Miller,Heath,TE,Pit,11,2,1,1,,,RFA,Active
CLAR,Panthers,Carolina,DST,Car,5,1,1,,,,UFA,Active
CLAR,Parkey,Cody,K,Phi,8,4,1,1,1,1,RFA,IR
CLAR,Rawls,Thomas,RB,Sea,9,1,1,,,,UFA,Active
CLAR,Riddick,Theo,RB,Det,9,2,1,1,,,RFA,Active
CLAR,Romo,Tony,QB,Dal,6,2,21,21,,,RFA,IR
CLAR,Snead,Willie,WR,NO,11,2,1,1,,,UFA,Active
CLAR,Stafford,Matthew,QB,Det,9,4,21,21,21,21,RFA,Active
CLAR,Starks,James,RB,GB,7,1,8,,,,UFA,Active
CLAR,Stills,Kenny,WR,Mia,5,3,1,1,1,,RFA,Active
COMM,Andrews,Antonio,RB,Ten,4,1,17,,,,UFA,Active
COMM,Bell,Le'Veon,RB,Pit,11,4,85,85,85,85,RFA,IR
COMM,Broncos,Denver,DST,Den,7,1,1,,,,RFA,Active
COMM,Bryant,Martavis,WR,Pit,11,3,12,12,12,,RFA,Active
COMM,Cunningham - Drop Penalty,Benjamin,RB,StL,6,,0.4,,,,UFA,Active
COMM,Ginn,Ted,WR,Car,5,1,1,,,,UFA,Active
COMM,Gordon,Josh,WR,Cle,11,3,22,22,22,,RFA,SSPD
COMM,Greene,Rashad,WR,Jac,8,2,1,1,,,UFA,Rookie
COMM,Gurley,Todd,RB,StL,6,4,35,35,35,35,RFA,Active
COMM,Helu - Drop Penalty,Roy,RB,Oak,6,,0.8,0.4,,,RFA,Active
COMM,Hopkins,DeAndre,WR,Hou,9,4,44,44,44,44,RFA,Active
COMM,Hyde,Carlos,RB,SF,10,4,35,35,35,35,RFA,Active
COMM,Johnson,David,RB,Ari,9,4,5,5,5,5,RFA,Active
COMM,Manning,Eli,QB,NYG,11,3,11,11,11,,RFA,Active
COMM,Manuel,EJ,QB,Buf,8,1,3,,,,UFA,Active
COMM,Manziel,Johnny,QB,Cle,11,1,1,,,,UFA,Active
COMM,McManus,Brandon,K,Den,7,1,1,,,,UFA,Active
COMM,Michael - Drop Penalty,Christine,RB,Dal,6,,0.2,,,,UFA,Active
COMM,Moncrief,Donte,WR,Ind,10,2,5,5,,,UFA,Active
COMM,Murray,Latavius,RB,Oak,6,3,25,25,25,,RFA,Active
COMM,Olsen,Greg,TE,Car,5,2,15,15,,,RFA,Active
COMM,Palmer,Carson,QB,Ari,9,1,24,,,,RFA,Active
COMM,Ridley,Stevan,RB,NYJ,5,1,1,1,,,UFA,Active
COMM,Robinson,Allen,WR,Jac,8,4,18,18,18,18,RFA,Active
COMM,Rodgers - Drop Penalty,Richard,TE,GB,7,,0.2,,,,UFA,Active
COMM,Sanders,Emmanuel,WR,Den,7,4,45,45,45,45,RFA,Active
COMM,Stanton,Drew,QB,Ari,9,1,1,,,,UFA,Active
COMM,Steelers,Pittsburgh,DST,Pit,11,1,1,,,,UFA,Active
COMM,Strong,Jaelen,WR,Hou,9,3,2,2,2,,UFA,Rookie
COMM,Tamme,Jacob,TE,Atl,10,1,2,,,,UFA,Active
COMM,Taylor,Tyrod,QB,Buf,8,4,9,9,9,9,RFA,Active
COMM,Todman,Jordan,RB,Pit,11,1,5,,,,UFA,Active
COMM,Walsh - Drop Penalty,Blair,K,Min,5,,0.2,,,,RFA,Active
COMM,Williams,DeAngelo,RB,Pit,11,2,1,1,,,RFA,Active
COMM,Wright,Kendall,WR,Ten,4,2,2,2,,,RFA,Active
COMM,Archer - Drop Penalty,Dri,RB,Pit,11,,0.2,,,,RFA,Active
FA,49ers,San Francisco,DST,SF,10,,,,,,UFA,Active
FA,Abbrederis,Jared,WR,GB,7,,,,,,UFA,
FA,Ajirotutu,Seyi,WR,Phi,8,,,,,,UFA,
FA,Allen,Buck,RB,Bal,9,,,,,,UFA,
FA,Anderson,Derek,QB,Car,5,,,,,,UFA,
FA,Archer,Dri,RB,Pit,11,,0,,,,UFA,
FA,Asiata,Matt,RB,Min,5,,,,,,UFA,
FA,Austin,Tavon,WR,StL,6,,,,,,UFA,
FA,Austin,Miles,WR,Phi,8,,,,,,UFA,
FA,Avant,Jason,WR,KC,9,,,,,,UFA,
FA,Backman,Kennard,TE,GB,7,,,,,,UFA,
FA,Bailey,Dan,K,Dal,6,,,,,,UFA,
FA,Bailey,Stedman,WR,StL,6,,,,,,UFA,
FA,Baker,Edwin,RB,NO,11,,,,,,UFA,
FA,Ball,Montee,RB,Den,7,,,,,,UFA,
FA,Ballard,Vick,RB,Ind,10,,,,,,UFA,
FA,Barner,Kenjon,RB,Phi,8,,,,,,UFA,
FA,Barth,Connor,K,Den,7,,,,,,UFA,
FA,Bears,Chicago,DST,Chi,7,,,,,,UFA,
FA,Beasley,Cole,WR,Dal,6,,,,,,UFA,
FA,Bell,Kenny,WR,TB,6,,,,,,UFA,
FA,Bell,Blake,TE,SF,10,,,,,,UFA,
FA,Bell,Joique,RB,Det,9,,,,,,UFA,
FA,Bellamy,Josh,WR,Chi,7,,,,,,UFA,
FA,Bersin,Brenton,WR,Car,5,,,,,,UFA,
FA,Blackmon,Justin,WR,Jac,8,,,,,,UFA,
FA,Bohanon,Tommy,RB,NYJ,5,,,,,,UFA,
FA,Bonner,Alan,WR,Hou,9,,,,,,UFA,
FA,Bowe,Dwayne,WR,Cle,11,,,,,,UFA,
FA,Boyle,Nick,TE,Bal,9,,,,,,UFA,
FA,Bradshaw,Ahmad,RB,Ind,10,,,,,,UFA,
FA,Britt,Kenny,WR,StL,6,,,,,,UFA,
FA,Brock,Kevin,TE,Cin,7,,,,,,UFA,
FA,Brown,Donald,RB,SD,10,,,,,,UFA,
FA,Brown,Marlon,WR,Bal,9,,,,,,UFA,
FA,Brown,Philly,WR,Car,5,,,,,,UFA,
FA,Brown,Jaron,WR,Ari,9,,,,,,UFA,
FA,Browns,Cleveland,DST,Cle,11,,,,,,UFA,
FA,Buccaneers,Tampa Bay,DST,TB,6,,,,,,UFA,
FA,Bullock,Randy,K,Hou,9,,,,,,UFA,
FA,Burkhead,Rex,RB,Cin,7,,,,,,UFA,
FA,Burton,Michael,RB,Det,9,,,,,,UFA,
FA,Burton,Trey,TE,Phi,8,,,,,,UFA,
FA,Cadet,Travaris,RB,NE,4,,,,,,UFA,
FA,Caldwell,Andre,WR,Den,7,,,,,,UFA,
FA,Campanaro,Michael,WR,Bal,9,,,,,,UFA,
FA,Carey,Ka'Deem,RB,Chi,7,,,,,,UFA,
FA,Carpenter,Dan,K,Buf,8,,,,,,UFA,
FA,Carter,Duron,WR,Ind,10,,,,,,UFA,
FA,Casey,James,TE,Den,7,,,,,,UFA,
FA,Catanzaro,Chandler,K,Ari,9,,,,,,UFA,
FA,Celek,Brent,TE,Phi,8,,,,,,UFA,
FA,Chandler,Scott,TE,NE,4,,,,,,UFA,
FA,Chargers,San Diego,DST,SD,10,,,,,,UFA,
FA,Charles,Orson,RB,NO,11,,,,,,UFA,
FA,Chiefs,Kansas City,DST,KC,9,,,,,,UFA,
FA,Christian,Gerald,TE,Ari,9,,,,,,UFA,
FA,Clausen,Jimmy,QB,Chi,7,,,,,,UFA,
FA,Clemens,Kellen,QB,SD,10,,,,,,UFA,
FA,Coates,Sammie,WR,Pit,11,,,,,,UFA,
FA,Coleman,Derrick,RB,Sea,9,,,,,,UFA,
FA,Colston,Marques,WR,NO,11,,,,,,UFA,Active
FA,Colts,Indianapolis,DST,Ind,10,,,,,,UFA,
FA,Cook,Jared,TE,StL,6,,,,,,UFA,
FA,Coons,Travis,K,Ten,4,,,,,,UFA,
FA,Cooper,Riley,WR,Phi,8,,,,,,UFA,
FA,Cotchery,Jerricho,WR,Car,5,,,,,,UFA,
FA,Crockett,John,RB,GB,7,,,,,,UFA,
FA,Cumberland,Jeff,TE,NYJ,5,,,,,,UFA,
FA,Cunningham,Benjamin,RB,StL,6,,,,,,UFA,
FA,Daniel,Chase,QB,KC,9,,,,,,UFA,
FA,Davis,Austin,QB,StL,6,,,,,,UFA,
FA,Davis,Mike,RB,SF,10,,,,,,UFA,
FA,Davis,Kellen,TE,NYJ,5,,,,,,UFA,
FA,Davis,Knile,RB,KC,9,,,,,,UFA,
FA,Develin,James,RB,NE,4,,,,,,UFA,
FA,Dickson,Ed,TE,Car,5,,,,,,UFA,
FA,DiMarco,Patrick,RB,Atl,10,,,,,,UFA,
FA,Dixon,Boobie,RB,Buf,8,,,,,,UFA,
FA,Dobson,Aaron,WR,NE,4,,,,,,UFA,
FA,Douglas,Harry,WR,Ten,4,,,,,,UFA,
FA,Doyle,Jack,TE,Ind,10,,,,,,UFA,
FA,Draughn,Shaun,RB,Cle,11,,,,,,UFA,
FA,Dray,Jim,TE,Cle,11,,,,,,UFA,
FA,Ellington,Bruce,WR,SF,10,,,,,,UFA,
FA,Ellison,Rhett,TE,Min,5,,,,,,UFA,
FA,Escobar,Gavin,TE,Dal,6,,,,,,UFA,
FA,Fasano,Anthony,TE,Ten,4,,,,,,UFA,
FA,Fauria,Joseph,TE,Det,9,,,,,,UFA,
FA,Feely,Jay,K,Chi,7,,,,,,UFA,
FA,Fells,Darren,TE,Ari,9,,,,,,UFA,
FA,Fells,Daniel,TE,NYG,11,,,,,,UFA,
FA,Felton,Jerome,RB,Buf,8,,,,,,UFA,
FA,Fiedorowicz,C.J.,TE,Hou,9,,,,,,UFA,
FA,Flynn,Matt,QB,GB,7,,,,,,UFA,
FA,Forbath,Kai,K,Wsh,8,,,,,,UFA,
FA,Ford,Chase,TE,Min,5,,,,,,UFA,
FA,Fowler,Jalston,RB,Ten,4,,,,,,UFA,
FA,Fuller,Corey,WR,Det,9,,,,,,UFA,
FA,Gabriel,Taylor,WR,Cle,11,,,,,,UFA,
FA,Gaffney,Tyler,RB,NE,4,,,,,,UFA,
FA,Garoppolo,Jimmy,QB,NE,4,,,,,,UFA,
FA,Gerhart,Toby,RB,Jac,8,,,,,,UFA,
FA,Gibson,Brandon,WR,NE,4,,,,,,UFA,
FA,Givens,Chris,WR,StL,6,,,,,,UFA,
FA,Glennon,Mike,QB,TB,6,,,,,,UFA,
FA,Goodwin,Marquise,WR,Buf,8,,,,,,UFA,
FA,Gordon,Richard,TE,KC,9,,,,,,UFA,
FA,Gradkowski,Bruce,QB,Pit,11,,,,,,UFA,
FA,Gragg,Chris,TE,Buf,8,,,,,,UFA,
FA,Graham,Garrett,TE,Hou,9,,,,,,UFA,
FA,Grant,Ryan,WR,Wsh,8,,,,,,UFA,
FA,Gray,MarQueis,TE,Buf,8,,,,,,UFA,
FA,Gray,Cyrus,RB,KC,9,,,,,,UFA,
FA,Grayson,Garrett,QB,NO,11,,,,,,UFA,
FA,Green,Virgil,TE,Den,7,,,,,,UFA,
FA,Gresham,Jermaine,TE,Cin,7,,,,,,UFA,
FA,Griffin,Robert,QB,Wsh,8,,,,,,UFA,
FA,Griffin,Ryan,TE,Hou,9,,,,,,UFA,
FA,Grimes,Jonathan,RB,Hou,9,,,,,,UFA,
FA,Hanna,James,TE,Dal,6,,,,,,UFA,
FA,Harbor,Clay,TE,Jac,8,,,,,,UFA,
FA,Hardy,Justin,WR,Atl,10,,,,,,UFA,
FA,Harkey,Cory,TE,StL,6,,,,,,UFA,
FA,Harris,Josh,RB,Pit,11,,,,,,UFA,
FA,Harris,Dwayne,WR,NYG,11,,,,,,UFA,
FA,Harris,Marcus,WR,NYG,11,,,,,,UFA,
FA,Harris,Demetrius,TE,KC,9,,,,,,UFA,
FA,Hartley,Garrett,K,Cle,11,,,,,,UFA,
FA,Hartline,Brian,WR,Cle,11,,,,,,UFA,
FA,Hawkins,Andrew,WR,Cle,11,,,,,,UFA,
FA,Helu,Roy,RB,Oak,6,,,,,,UFA,
FA,Henne,Chad,QB,Jac,8,,,,,,UFA,
FA,Herron,Daniel,RB,Ind,10,,,,,,UFA,
FA,Herron,Robert,WR,TB,6,,,,,,UFA,
FA,Hester,Devin,WR,Atl,10,,,,,,UFA,
FA,Hewitt,Ryan,TE,Cin,7,,,,,,UFA,
FA,Heyward-Bey,Darrius,WR,Pit,11,,,,,,UFA,
FA,Hill,Josh,TE,NO,11,,,,,,UFA,
FA,Hill,Shaun,QB,Min,5,,,,,,UFA,
FA,Hilliard,Kenny,RB,Hou,9,,,,,,UFA,
FA,Hogan,Chris,WR,Buf,8,,,,,,UFA,
FA,Holmes,Andre,WR,Oak,6,,,,,,UFA,
FA,Hoomanawanui,Michael,TE,NE,4,,,,,,UFA,
FA,Hopkins,Dustin,K,NO,11,,,,,,UFA,
FA,Housler,Rob,TE,Cle,11,,,,,,UFA,
FA,Huff,Josh,WR,Phi,8,,,,,,UFA,
FA,Hughes,Robert,RB,Ari,9,,,,,,UFA,
FA,Hundley,Brett,QB,GB,7,,,,,,UFA,
FA,Hunter,Kendall,RB,SF,10,,,,,,UFA,
FA,Hunter,Justin,WR,Ten,4,,,,,,UFA,
FA,Hynoski,Henry,RB,NYG,11,,,,,,UFA,
FA,Inman,Dontrelle,WR,SD,10,,,,,,UFA,
FA,Jackson,Tarvaris,QB,Sea,9,,,,,,UFA,
FA,Jackson,Fred,RB,Buf,8,,,,,,UFA,Active
FA,Jaguars,Jacksonville,DST,Jac,8,,,,,,UFA,
FA,James,LaMichael,RB,Mia,5,,,,,,UFA,
FA,James,Mike,RB,TB,6,,,,,,UFA,
FA,James,Jesse,TE,Pit,11,,,,,,UFA,
FA,Janikowski,Sebastian,K,Oak,6,,,,,,UFA,
FA,Janis,Jeff,WR,GB,7,,,,,,UFA,
FA,Jennings,Greg,WR,Mia,5,,,,,,UFA,
FA,Johnson,David,TE,SD,10,,,,,,UFA,
FA,Johnson,Will,RB,Pit,11,,,,,,UFA,
FA,Johnson,Storm,RB,Jac,8,,,,,,UFA,
FA,Johnson,Damaris,WR,Hou,9,,,,,,UFA,
FA,Johnson,Malcolm,TE,Cle,11,,,,,,UFA,
FA,Jones,Seantavius,WR,NO,11,,,,,,UFA,
FA,Jones,Jacoby,WR,SD,10,,,,,,UFA,
FA,Juszczyk,Kyle,RB,Bal,9,,,,,,UFA,
FA,Kendricks,Lance,TE,StL,6,,,,,,UFA,
FA,Kerley,Jeremy,WR,NYJ,5,,,,,,UFA,
FA,Kroft,Tyler,TE,Cin,7,,,,,,UFA,
FA,Kuhn,John,RB,GB,7,,,,,,UFA,
FA,Lane,Jorvorskie,RB,TB,6,,,,,,UFA,
FA,Latimer,Cody,WR,Den,7,,,,,,UFA,
FA,Lewis,Marcedes,TE,Jac,8,,,,,,UFA,
FA,Lindley,Ryan,QB,Ari,9,,,,,,UFA,
FA,Lions,Detroit,DST,Det,9,,,,,,UFA,Active
FA,Lockette,Ricardo,WR,Sea,9,,,,,,UFA,
FA,Lorig,Erik,RB,NO,11,,,,,,UFA,
FA,Lynch,Arthur,TE,Mia,5,,,,,,UFA,
FA,Mallett - Drop Penalty,Ryan,QB,Hou,9,,0.2,,,,RFA,Active
FA,Mannion,Sean,QB,StL,6,,,,,,UFA,
FA,Mariani,Marc,WR,Chi,7,,,,,,UFA,
FA,Matthews,Chris,WR,Sea,9,,,,,,UFA,
FA,Mayle,Vince,WR,Cle,11,,,,,,UFA,
FA,McBride,Tre,WR,Ten,4,,,,,,UFA,
FA,McCarron,AJ,QB,Cin,7,,,,,,UFA,
FA,McCown,Luke,QB,NO,11,,,,,,UFA,
FA,McCoy,Colt,QB,Wsh,8,,,,,,UFA,
FA,McCoy,Anthony,TE,Sea,9,,,,,,UFA,
FA,McDonald,Vance,TE,SF,10,,,,,,UFA,
FA,Michael,Christine,RB,Dal,6,,,,,,UFA,
FA,Miller,Bruce,RB,SF,10,,,,,,UFA,
FA,Moeaki,Tony,TE,Atl,10,,,,,,UFA,
FA,Montgomery,Ty,WR,GB,7,,,,,,UFA,
FA,Mooney,Collin,RB,Ten,4,,,,,,UFA,
FA,Moore,Matt,QB,Mia,5,,,,,,UFA,
FA,Moore,Lance,WR,Pit,11,,,,,,UFA,
FA,Moore,Denarius,WR,Cin,7,,,,,,UFA,
FA,Morgan,Joseph,WR,NO,11,,,,,,UFA,
FA,Morgan,Josh,WR,Chi,7,,,,,,UFA,
FA,Mumphery,Keith,WR,Hou,9,,,,,,UFA,
FA,Murphy,Marcus,RB,NO,11,,,,,,UFA,
FA,Murphy,Louis,WR,TB,6,,,,,,UFA,
FA,Murray,Patrick,K,TB,6,,,,,,UFA,
FA,Myers,Brandon,TE,TB,6,,,,,,UFA,
FA,Nassib,Ryan,QB,NYG,11,,,,,,UFA,
FA,Nelson,JJ,WR,Ari,9,,,,,,UFA,
FA,Nicks,Hakeem,WR,Ten,4,,,,,,UFA,
FA,Niklas,Troy,TE,Ari,9,,,,,,UFA,
FA,Norwood,Kevin,WR,Sea,9,,,,,,UFA,
FA,Novak,Nick,K,SD,10,,,,,,UFA,
FA,O'Leary,Nick,TE,Buf,8,,,,,,UFA,
FA,O'Shaughnes,James,TE,KC,9,,,,,,UFA,
FA,Oliver,Branden,RB,SD,10,,,,,,UFA,Active
FA,Orlovsky,Dan,QB,Det,9,,,,,,UFA,
FA,Pascoe,Bear,TE,Chi,7,,,,,,UFA,
FA,Patterson,Cordarrelle,WR,Min,5,,,,,,UFA,
FA,Patton,Quinton,WR,SF,10,,,,,,UFA,
FA,Paul,Niles,TE,Wsh,8,,,,,,UFA,
FA,Paulsen,Logan,TE,Wsh,8,,,,,,UFA,
FA,Pead,Isaiah,RB,StL,6,,,,,,UFA,
FA,Peerman,Cedric,RB,Cin,7,,,,,,UFA,
FA,Perillo,Justin,TE,GB,7,,,,,,UFA,
FA,Perry,Senorise,RB,Chi,7,,,,,,UFA,
FA,Pettigrew,Brandon,TE,Det,9,,,,,,UFA,
FA,Phillips,John,TE,SD,10,,,,,,UFA,
FA,Pierce,Bernard,RB,Jac,8,,,,,,UFA,
FA,Pitta,Dennis,TE,Bal,9,,,,,,UFA,
FA,Ponder,Christian,QB,Oak,6,,,,,,UFA,
FA,Posey,DeVier,WR,Hou,9,,,,,,UFA,
FA,Prater,Matt,K,Det,9,,,,,,RFA,Active
FA,Prosch,Jay,RB,Hou,9,,,,,,UFA,
FA,Pruitt,MyCole,TE,Min,5,,,,,,UFA,
FA,Pryor,Terrelle,QB,KC,9,,,,,,UFA,
FA,Quarless,Andrew,TE,GB,7,,,,,,UFA,
FA,Rainey,Bobby,RB,TB,6,,,,,,UFA,
FA,Ravens,Baltimore,DST,Bal,9,,,,,,RFA,Active
FA,Reaves,Darrin,RB,Car,5,,,,,,UFA,
FA,Redd,Silas,RB,Wsh,8,,,,,,UFA,
FA,Redskins,Washington,DST,Wsh,8,,,,,,UFA,
FA,Reynolds,Chase,RB,StL,6,,,,,,UFA,
FA,Richardson,Trent,RB,Oak,6,,,,,,UFA,
FA,Rivera,Mychal,TE,Oak,6,,,,,,UFA,
FA,Roberts,Andre,WR,Wsh,8,,,,,,UFA,
FA,Robinson,Gerell,WR,Mia,5,,,,,,UFA,
FA,Robinson,Adrien,TE,NYG,11,,,,,,UFA,
FA,Rodgers,Richard,TE,GB,7,,,,,,UFA,Active
FA,Rodgers,Jacquizz,RB,Chi,7,,,,,,UFA,
FA,Rosario,Dante,TE,Chi,7,,,,,,UFA,
FA,Ross,Jeremy,WR,Det,9,,,,,,UFA,
FA,Saints,New Orleans,DST,NO,11,,,,,,UFA,
FA,Sanders,Ace,WR,Jac,8,,,,,,UFA,
FA,Sankey,Bishop,RB,Ten,4,,,,,,RFA,Active
FA,Santos,Cairo,K,KC,9,,,,,,UFA,
FA,Sanu,Mohamed,WR,Cin,7,,,,,,UFA,
FA,Savage,Tom,QB,Hou,9,,,,,,UFA,
FA,Schaub,Matt,QB,Bal,9,,,,,,UFA,
FA,Scobee,Josh,K,Jac,8,,,,,,UFA,
FA,Seastrunk,Lache,RB,Ten,4,,,,,,UFA,
FA,Sherman,Anthony,RB,KC,9,,,,,,UFA,
FA,Simpson,Jerome,WR,SF,10,,,,,,UFA,
FA,Sims,Dion,TE,Mia,5,,,,,,UFA,
FA,Smelter,DeAndre,WR,SF,10,,,,,,UFA,
FA,Smith,Antone,RB,Atl,10,,,,,,UFA,
FA,Smith,Devin,WR,NYJ,5,,,,,,UFA,
FA,Smith,Lee,TE,Oak,6,,,,,,UFA,
FA,Smith,Torrey,WR,SF,10,,,,,,UFA,
FA,Spaeth,Matt,TE,Pit,11,,,,,,UFA,
FA,Stacy,Zac,RB,StL,6,,,,,,UFA,Active
FA,Sterling,Neal,WR,Jac,8,,,,,,UFA,
FA,Stevens,Craig,TE,Ten,4,,,,,,UFA,
FA,Stocker,Luke,TE,TB,6,,,,,,UFA,
FA,Streater,Rod,WR,Oak,6,,,,,,UFA,
FA,Street,Devin,WR,Dal,6,,,,,,UFA,
FA,Sturgis,Caleb,K,Mia,5,,,,,,UFA,
FA,Succop,Ryan,K,Ten,4,,,,,,UFA,
FA,Sudfeld,Zach,TE,NYJ,5,,,,,,UFA,
FA,Suisham,Shaun,K,Pit,11,,,,,,UFA,
FA,Tate,Brandon,WR,Cin,7,,,,,,UFA,
FA,Taylor,Stepfan,RB,Ari,9,,,,,,UFA,
FA,Thomas,De'Anthony,RB,KC,9,,,,,,UFA,
FA,Thomas,Pierre,RB,NO,11,,,,,,UFA,
FA,Thompkins,Kenbrell,WR,Oak,6,,,,,,UFA,
FA,Thompson,Juwan,RB,Den,7,,,,,,UFA,
FA,Thompson,Taylor,TE,Ten,4,,,,,,UFA,
FA,Titans,Tennessee,DST,Ten,4,,,,,,UFA,
FA,Toilolo,Levine,TE,Atl,10,,,,,,UFA,
FA,Tolbert,Mike,RB,Car,5,,,,,,UFA,
FA,Tolzien,Scott,QB,GB,7,,,,,,UFA,
FA,Toon,Nick,WR,StL,6,,,,,,UFA,
FA,Toussaint,Fitzgerald,RB,Bal,9,,,,,,UFA,
FA,Tucker,Matthew,RB,Phi,8,,,,,,UFA,
FA,Turbin,Robert,RB,Sea,9,,,,,,UFA,
FA,Uzomah,C.J.,TE,Cin,7,,,,,,UFA,
FA,Vick,Michael,QB,Pit,11,,,,,,UFA,Active
FA,Vinatieri,Adam,K,Ind,10,,,,,,UFA,
FA,Walford,Clive,TE,Oak,6,,,,,,UFA,
FA,Waller,Darren,WR,Bal,9,,,,,,UFA,
FA,Washington,Nate,WR,Hou,9,,,,,,UFA,
FA,Washington,Corey,WR,NYG,11,,,,,,UFA,
FA,Weeden,Brandon,QB,Dal,6,1,2,,,,UFA,Active
FA,Weems,Eric,WR,Atl,10,,,,,,UFA,
FA,West,Terrance,RB,Cle,11,,,,,,UFA,
FA,Whittaker,Fozzy,RB,Car,5,,,,,,UFA,
FA,Williams,Damien,RB,Mia,5,,,,,,UFA,
FA,Williams,Ryan,RB,Dal,6,,,,,,UFA,
FA,Williams,Kerwynn,RB,Ari,9,,,,,,UFA,
FA,Williams,Brandon,TE,Car,5,,,,,,UFA,
FA,Willson,Luke,TE,Sea,9,,,,,,UFA,
FA,Wilson,Albert,WR,KC,9,,,,,,UFA,
FA,Wilson,Marquess,WR,Chi,7,,,,,,UFA,
FA,Woods,Robert,WR,Buf,8,,,,,,UFA,
FA,Wright,Jarius,WR,Min,5,,,,,,UFA,
FA,Wright,Tim,TE,NE,4,,,,,,UFA,
FA,Wright,James,WR,Cin,7,,,,,,UFA,
FA,Yates,T.J.,QB,Atl,10,,,,,,UFA,
FA,Young,Darrel,RB,Wsh,8,,,,,,UFA,
FA,Zuerlein,Greg,K,StL,6,,,,,,UFA,
FITZ,Allen,Dwayne,TE,Ind,10,2,2,2,,,RFA,Active
FITZ,Amaro,Jace,TE,NYJ,5,2,2,2,,,UFA,IR
FITZ,Bell - Drop Penalty,Joique,RB,Det,9,,3.8,,,,RFA,Active
FITZ,Benjamin,Kelvin,WR,Car,5,4,15,15,15,15,RFA,IR
FITZ,Cardinals,Arizona,DST,Ari,9,2,1,1,,,RFA,Active
FITZ,Crosby,Mason,K,GB,7,2,1,1,,,RFA,Active
FITZ,Cruz,Victor,WR,NYG,11,3,6,6,6,,RFA,IR
FITZ,Ellington,Andre,RB,Ari,9,3,20,20,20,,RFA,Active
SURP,Fitzgerald,Larry,WR,Ari,9,1,7,,,,RFA,Active
FITZ,Fitzpatrick,Ryan,QB,NYJ,5,1,1,,,,RFA,Active
FITZ,Hasselbeck,Matt,QB,Ind,10,1,4,,,,UFA,Active
FITZ,Hilton,T.Y.,WR,Ind,10,4,61,61,61,61,RFA,Active
FITZ,Hurns,Allen,WR,Jac,8,2,2,2,,,UFA,Active
FITZ,Jackson - Drop Penalty,Fred,RB,Buf,8,,0.6,,,,UFA,Active
FITZ,Jets,New York,DST,NYJ,5,1,2,,,,RFA,Active
SURP,Johnson,Chris,RB,Ari,9,1,1,,,,UFA,Active
FITZ,Johnson,Charles,WR,Min,5,2,7,7,,,RFA,Active
FITZ,LaFell,Brandon,WR,NE,4,2,3,3,,,UFA,Active
FITZ,Luck,Andrew,QB,Ind,10,4,95,95,95,95,RFA,IR
FA,McCluster,Dexter,WR,Ten,4,,,,,,,Active
FITZ,Morris,Alfred,RB,Wsh,8,2,39,39,,,RFA,Active
FITZ,Osweiler,Brock,QB,Den,7,3,2,2,2,,UFA,Active
FITZ,Petty,Bryce,QB,NYJ,5,3,2,2,2,,UFA,Rookie
FITZ,Polk,Chris,RB,Phi,8,1,6,,,,UFA,Active
FITZ,Richardson,Paul,WR,Sea,9,3,1,1,1,,UFA,Active
FITZ,Rodgers,Aaron,QB,GB,7,3,89,89,89,,RFA,Active
FITZ,Smith - Drop Penalty,Torrey,WR,SF,10,,0.8,,,,RFA,Active
FITZ,Spiller,C.J.,RB,NO,11,2,13,13,,,RFA,Active
FITZ,Thompson,Chris,RB,Wsh,8,1,6,,,,UFA,Active
FITZ,Vinatieri - Drop Penalty,Adam,K,Ind,10,,0.4,,,,RFA,Active
FITZ,Wallace,Mike,WR,Min,5,2,10,10,,,RFA,Active
FITZ,Witten,Jason,TE,Dal,6,1,4,,,,RFA,Active
JAGS,Bengals,Cincinnati,DST,Cin,7,1,1,,,,UFA,Active
JAGS,Blount,LeGarrette,RB,NE,4,1,8,,,,RFA,Active
JAGS,Bryant,Dez,WR,Dal,6,4,77,77,77,77,RFA,Active
JAGS,Eagles,Philadelphia,DST,Phi,8,1,2,,,,RFA,Active
JAGS,Fleener,Coby,TE,Ind,10,1,2,,,,RFA,Active
JAGS,Forte,Matt,RB,Chi,7,2,61,61,,,RFA,Active
JAGS,Gates,Antonio,TE,SD,10,1,2,,,,RFA,Active
JAGS,Gronkowski,Rob,TE,NE,4,4,62,62,62,62,RFA,Active
JAGS,Hillman,Ronnie,RB,Den,7,3,1,1,1,,RFA,Active
JAGS,Johnson,Calvin,WR,Det,9,4,66,66,66,66,RFA,Active
JAGS,Mallett,Ryan,QB,Hou,9,,0.2,,,,RFA,Active
JAGS,Manning,Peyton,QB,Den,7,2,41,41,,,RFA,Active
JAGS,Matthews,Jordan,WR,Phi,8,3,30,30,30,,RFA,Active
JAGS,McFadden,Darren,RB,Dal,6,1,3,,,,RFA,Active
JAGS,Mettenberger,Zach,QB,Ten,4,1,1,,,,UFA,Active
FA,Nugent,Mike,K,Cin,7,,,,,,,Active
JAGS,Perriman,Breshad,WR,Bal,9,2,2,2,,,RFA,Active
JAGS,Reece,Marcel,RB,Oak,6,1,3,,,,UFA,Active
JAGS,Rivers,Philip,QB,SD,10,3,29,29,29,,RFA,Active
JAGS,Robinson,Denard,RB,Jac,8,1,1,,,,RFA,Active
JAGS,Sims,Charles,RB,TB,6,2,2,2,,,RFA,Active
JAGS,Smith,Steve,WR,Bal,9,1,2,,,,RFA,IR
JAGS,Sproles,Darren,RB,Phi,8,1,2,,,,RFA,Active
JAGS,Tucker,Justin,K,Bal,9,4,1,1,1,1,RFA,Active
MPS,Barnidge,Gary,TE,Cle,11,1,3,,,,UFA,Active
MPS,Bolden,Brandon,RB,NE,4,1,4,,,,UFA,Active
MPS,Bridgewater,Teddy,QB,Min,5,4,37,37,37,37,RFA,Active
MPS,Brown,John,WR,Ari,9,2,7,7,,,RFA,Active
MPS,Clausen - Drop penalty,Jimmy,QB,Chi,7,,0.2,,,,UFA,Active
MPS,Coleman,Tevin,RB,Atl,10,3,5,5,5,,RFA,Active
MPS,Crowder,Jamison,WR,Wsh,8,2,1,1,,,UFA,Active
MPS,Decker,Eric,WR,NYJ,5,1,10,,,,RFA,Active
MPS,Ebron,Eric,TE,Det,9,3,4,4,4,,RFA,Active
MPS,Falcons,Atlanta,DST,Atl,10,1,1,,,,UFA,Active
MPS,Folk,Nick,K,NYJ,5,1,1,,,,RFA,IR
MPS,Gordon,Melvin,RB,SD,10,4,36,36,36,36,RFA,Active
MPS,Green-Beckham,Dorial,WR,Ten,4,3,4,4,4,,RFA,Rookie
MPS,Hill,Jeremy,RB,Cin,7,4,65,65,65,65,RFA,Active
MPS,Jennings,Rashad,RB,NYG,11,1,11,,,,RFA,Active
MPS,Johnson,Duke,RB,Cle,11,3,7,7,7,,RFA,Active
MPS,Jones,Landry,QB,Pit,11,1,6,,,,UFA,Active
MPS,Jones,Julio,WR,Atl,10,4,87,87,87,87,RFA,Active
MPS,Landry,Jarvis,WR,Mia,5,4,18,18,18,18,RFA,Active
MPS,Lions - Drop Penalty,Detroit,DST,Det,9,,0.6,,,,UFA,Active
MPS,Lockett,Tyler,WR,Sea,9,4,5,5,5,5,RFA,Rookie
MPS,Rams,St. Louis,DST,StL,6,3,3,3,3,,RFA,Active
PADO,Reed,Jordan,TE,Wsh,8,1,2,,,,UFA,Active
MPS,Roethlisberger,Ben,QB,Pit,11,2,42,42,,,RFA,Active
MPS,Royal,Eddie,WR,Chi,7,2,4,4,,,RFA,Active
MPS,Vick - Drop Penalty,Michael,QB,Pit,11,,3,,,,UFA,Active
MPS,Walker,Delanie,TE,Ten,4,2,7,7,,,RFA,Active
MPS,Walsh,Blair,K,Min,5,1,1,,,,UFA,Active
MPS,White,Kevin,WR,Chi,7,4,5,5,5,5,RFA,IR
MPS,Williams,Karlos,RB,Buf,8,1,3,,,,UFA,Active
MPS,Winston,Jameis,QB,TB,6,4,16,16,16,16,RFA,Active
MPS,Woodhead,Danny,RB,SD,10,1,4,,,,RFA,Active
MPS,Michael - Drop Penalty,Christine,RB,Dal,6,,1.2,,,,UFA,Active
NOTT,Bennett,Martellus,TE,Chi,7,4,7,7,7,7,RFA,Active
NOTT,Bernard,Giovani,RB,Cin,7,4,12,12,12,12,RFA,Active
NOTT,Blue - Drop Penalty,Alfred,RB,Hou,9,,1.4,,,,RFA,Active
NOTT,Colston - Drop Penalty,Marques,WR,NO,11,,0.8,,,,RFA,Active
NOTT,Conley,Chris,WR,KC,9,1,1,,,,UFA,Active
NOTT,Cutler,Jay,QB,Chi,7,4,7,7,7,7,RFA,Active
FA,Dawson,Phil,K,SF,10,,,,,,,Active
NOTT,Floyd,Malcom,WR,SD,10,1,5,,,,UFA,Active
NOTT,Freeman,Devonta,RB,Atl,10,2,8,8,,,RFA,Active
NOTT,Garcon,Pierre,WR,Wsh,8,1,2,,,,RFA,Active
NOTT,Gore,Frank,RB,Ind,10,1,24,,,,RFA,Active
NOTT,Hankerson,Leonard,WR,Atl,10,2,2,2,,,UFA,Active
NOTT,Hauschka,Steven,K,Sea,9,1,1,,,,RFA,Active
NOTT,Jackson,Vincent,WR,TB,6,2,9,9,,,RFA,Active
NOTT,Jeffery,Alshon,WR,Chi,7,4,52,52,52,52,RFA,Active
NOTT,Kaepernick,Colin,QB,SF,10,4,9,9,9,9,RFA,Active
NOTT,Mason,Tre,RB,StL,6,4,13,13,13,13,RFA,Active
NOTT,Mathews,Ryan,RB,Phi,8,4,5,5,5,5,RFA,Active
NOTT,Murray,DeMarco,RB,Phi,8,4,61,61,61,61,RFA,Active
NOTT,Newton,Cam,QB,Car,5,4,36,36,36,36,RFA,Active
NOTT,Oliver - Drop Penalty,Branden,RB,SD,10,,0.4,0.2,,,UFA,Active
NOTT,Packers,Green Bay,DST,GB,7,1,1,,,,UFA,Active
NOTT,Patriots,New England,DST,NE,4,1,1,,,,RFA,Active
NOTT,Sankey - Drop Penalty,Bishop,RB,Ten,4,,6.6,4.4,2.2,,RFA,Active
NOTT,Thomas,Julius,TE,Jac,8,1,2,,,,UFA,Active
NOTT,Watkins,Sammy,WR,Buf,8,4,23,23,23,23,RFA,Active
NOTT,Williams,Terrance,WR,Dal,6,1,31,,,,UFA,Active
NOTT,Wilson,Russell,QB,Sea,9,4,51,51,51,51,RFA,Active
MPS,Adams,Davante,WR,GB,7,1,9,,,,RFA,Active
PADO,Aiken,Kamar,WR,Bal,9,1,12,,,,UFA,Active
PADO,Ajayi,Jay,RB,Mia,5,3,5,5,5,,UFA,Active
PADO,Allen,Keenan,WR,SD,10,1,24,,,,RFA,IR
PADO,Amendola,Danny,WR,NE,4,1,6,,,,UFA,Active
PADO,Blue,Alfred,RB,Hou,9,1,15,,,,UFA,Active
PADO,Bradford,Sam,QB,Phi,8,4,30,30,30,30,RFA,Active
PADO,Bryant,Matt,K,Atl,10,1,1,,,,RFA,Active
PADO,Cassel,Matt,QB,Buf,8,1,2,,,,UFA,Active
PADO,Clay,Charles,TE,Buf,8,1,6,,,,UFA,Active
PADO,Daniels - Drop Penalty,Owen,TE,Den,7,,0.2,,,,RFA,Active
PADO,Davis - Drop Penalty,Knile,RB,KC,9,,1.2,0.8,0.4,,RFA,Active
PADO,Dorsett,Phillip,WR,Ind,10,3,5,5,5,,UFA,Active
PADO,Dunbar,Lance,RB,Dal,6,2,2,2,,,UFA,IR
PADO,Foles,Nick,QB,StL,6,2,5,5,,,RFA,Active
PADO,Foster,Arian,RB,Hou,9,2,36,36,,,RFA,IR
PADO,Funchess,Devin,WR,Car,5,4,5,5,5,5,RFA,Rookie
FA,Gano,Graham,K,Car,5,,,,,,UFA,Active
PADO,Green,Ladarius,TE,SD,10,3,3,3,3,,UFA,Active
PADO,Ivory,Chris,RB,NYJ,5,2,8,8,,,RFA,Active
PADO,Latimer - Drop Penalty,Cody,WR,Den,7,,1.8,1.2,0.6,,RFA,Active
PADO,Maclin,Jeremy,WR,KC,9,2,20,20,,,RFA,Active
PADO,Matthews,Rishard,WR,Mia,5,2,3,3,,,UFA,Active
PADO,McCoy,LeSean,RB,Buf,8,2,52,52,,,RFA,Active
PADO,Miller,Lamar,RB,Mia,5,3,40,40,40,,RFA,Active
PADO,Nelson,Jordy,WR,GB,7,4,24,24,24,24,RFA,IR
PADO,Ravens - Drop Penalty,Baltimore,DST,Bal,9,,0.2,,,,RFA,Active
PADO,Renfree,Sean,QB,Atl,10,1,1,,,,UFA,Active
PADO,Ryan,Matt,QB,Atl,10,4,47,47,47,47,RFA,Active
PADO,Sanchez,Mark,QB,Phi,8,1,3,,,,RFA,Active
PADO,Seferian-Jenkins,Austin,TE,TB,6,3,1,1,1,,RFA,Active
PADO,Smith,Geno,QB,NYJ,5,2,2,2,,,UFA,IR
PADO,Thomas,Demaryius,WR,Den,7,4,70,70,70,70,RFA,Active
PADO,Vikings,Minnesota,DST,Min,5,1,1,,,,UFA,Active
PADO,Weeden - Drop Penalty,Brandon,QB,Dal,6,,0.4,,,,UFA,Active
PADO,White,James,RB,NE,4,1,10,,,,UFA,Active
PADO,Williams,Maxx,TE,Bal,9,4,6,6,6,6,UFA,Rookie
SURP,Agholor,Nelson,WR,Phi,8,3,28,28,28,,RFA,Rookie
SURP,Allen,Javorius,RB,Bal,9,2,1,1,,,UFA,Rookie
SURP,Boldin,Anquan,WR,SF,10,2,2,2,,,RFA,Active
SURP,Brady,Tom,QB,NE,4,3,56,56,56,,RFA,Active
SURP,Brindza,Kyle,K,TB,6,1,2,,,,UFA,Active
SURP,Bush,Reggie,RB,SF,10,1,1,,,,RFA,IR
SURP,Charles,Jamaal,RB,KC,9,3,87,87,87,,RFA,IR
SURP,Crabtree,Michael,WR,Oak,6,3,3,3,3,,RFA,Active
SURP,Ertz,Zach,TE,Phi,8,3,5,5,5,,RFA,Active
SURP,Floyd,Michael,WR,Ari,9,4,21,21,21,21,RFA,Active
SURP,Giants,New York,DST,NYG,11,2,4,4,,,UFA,Active
SURP,Gostkowski,Stephen,K,NE,4,1,5,,,,RFA,Active
SURP,Gray,Jonas,RB,NE,4,1,2,,,,UFA,Active
SURP,Johnson,Stevie,WR,SD,10,2,4,4,,,UFA,Active
SURP,Jones,James,WR,GB,7,1,4,,,,UFA,Active
SURP,Kearse,Jermaine,WR,Sea,9,2,4,4,,,UFA,Active
FITZ,Kelce,Travis,TE,KC,9,3,6,13,13,,RFA,Active
SURP,Kelce - Retained Salary,Travis,TE,KC,9,,5,,,,RFA,Active
SURP,Mariota,Marcus,QB,Ten,4,4,21,21,21,21,RFA,Active
SURP,Quick,Brian,WR,StL,6,3,4,4,4,,RFA,Active
SURP,Randle,Joseph,RB,Dal,6,3,19,19,19,,RFA,Active
SURP,Smith,Alex,QB,KC,9,3,6,6,6,,RFA,Active
SURP,Stewart,Jonathan,RB,Car,5,2,19,19,,,RFA,Active
SURP,Tate,Golden,WR,Det,9,4,25,25,25,25,RFA,Active
SURP,Texans,Houston,DST,Hou,9,1,4,,,,RFA,Active
SURP,Vick - Retained Salary,Michael,QB,Pit,11,,14,,,,UFA,Active
SURP,Watson,Benjamin,TE,NO,11,2,12,12,,,UFA,Active
SURP,West,Charcandrick,RB,KC,9,1,10,,,,UFA,Active
SURP,Wheaton,Markus,WR,Pit,11,1,2,,,,RFA,Active
SURP,White,Roddy,WR,Atl,10,2,10,10,,,RFA,Active
PADO,Adams - Retained Salary,Davante,WR,GB,7,,9,,,,UFA,Active